Open;High;Low;Close;Volume;Indicator1;Indicator2
123.705;124.79899999999999;123.40299999999999;124.72399999999999;506578.0;37.284474578491974;41.666666666666664
124.72399999999999;124.86;124.121;124.40599999999999;508849.0;35.60960003199205;33.333333333333336
124.40599999999999;125.094;124.36;124.84599999999999;631186.0;39.64927991354742;41.666666666666664
124.84599999999999;125.068;124.359;124.701;664790.0;38.785709843499625;41.666666666666664
124.701;124.997;124.23299999999999;124.506;510243.0;37.599674435569035;41.666666666666664
124.30499999999999;124.429;123.76899999999999;124.03699999999999;404831.0;34.8401818095416;33.333333333333336
124.03699999999999;124.85499999999999;123.398;124.03999999999999;566682.0;34.873107781452866;33.333333333333336
124.03999999999999;124.41799999999999;123.52499999999999;124.261;477374.0;37.38328687819269;41.666666666666664
124.261;124.679;123.74;124.401;480034.0;38.987577585317084;50.0
124.401;124.973;124.232;124.716;436264.0;42.55389960705796;58.333333333333336
124.595;124.82799999999999;124.509;124.642;270963.0;41.93378466378501;58.333333333333336
124.642;124.711;124.04299999999999;124.234;418193.0;38.594373077202945;50.0
124.234;124.937;124.20599999999999;124.728;454056.0;44.37081071363283;50.0
124.728;124.899;123.789;123.946;567019.0;38.238583929556754;50.0
123.946;125.317;123.78699999999999;124.934;544087.0;48.01413015709814;50.0
124.89;125.03699999999999;124.598;124.92099999999999;421914.0;47.90668397441407;50.0
124.92099999999999;125.237;124.687;125.04299999999999;474658.0;49.05878972867227;58.333333333333336
125.04299999999999;125.463;124.88499999999999;125.154;518925.0;50.13926991445545;66.66666666666667
125.154;125.297;124.493;124.601;502594.0;45.01648665871381;58.333333333333336
124.601;125.73599999999999;124.362;125.461;440610.0;53.05025361280904;58.333333333333336
125.38;125.946;125.357;125.66799999999999;381754.0;54.76354747841893;58.333333333333336
125.66799999999999;125.87299999999999;125.28;125.40899999999999;370714.0;52.1969495784908;50.0
125.40899999999999;125.455;124.814;124.944;379112.0;47.86006908651782;50.0
124.944;125.071;124.34599999999999;124.526;462447.0;44.29707278071468;50.0
124.526;124.697;124.173;124.232;365070.0;41.932521375855146;41.666666666666664
124.22399999999999;124.87899999999999;124.22399999999999;124.45299999999999;352889.0;44.337791155339765;50.0
124.45299999999999;125.27199999999999;124.40599999999999;125.104;369254.0;50.80247748334953;50.0
125.104;125.542;124.988;124.988;365193.0;49.694933907649386;50.0
124.988;125.455;124.731;124.764;448703.0;47.53963985704535;41.666666666666664
124.764;124.86399999999999;124.229;124.714;391719.0;47.04912447795499;33.333333333333336
124.705;125.27199999999999;124.692;125.068;287788.0;50.91100491232096;41.666666666666664
125.068;125.53999999999999;124.76899999999999;125.445;366111.0;54.70018203585286;41.666666666666664
125.445;125.937;125.34599999999999;125.667;389395.0;56.814150663761104;41.666666666666664
125.667;125.871;125.324;125.447;444047.0;54.118862934445126;41.666666666666664
125.447;125.776;125.365;125.408;348510.0;53.63311801053446;41.666666666666664
125.46799999999999;126.303;125.34899999999999;126.13199999999999;395405.0;60.687361458048755;50.0
126.13199999999999;126.226;125.719;125.932;386833.0;58.05956083849711;50.0
125.932;126.348;125.53699999999999;126.19;384513.0;60.43931632564321;50.0
126.19;126.905;125.889;126.642;426150.0;64.26490057079444;50.0
126.642;127.502;126.603;127.18599999999999;372818.0;68.2449782208162;58.333333333333336
127.292;127.38199999999999;126.446;126.707;369590.0;61.725912406154755;58.333333333333336
126.707;126.938;126.362;126.503;330967.0;59.13508073407847;58.333333333333336
126.503;126.535;126.17399999999999;126.36699999999999;317084.0;57.405199319103104;50.0
126.36699999999999;126.428;124.67099999999999;124.881;388141.0;42.70522093245896;41.666666666666664
124.881;125.02799999999999;124.27499999999999;124.86099999999999;413612.0;42.54730230321453;33.333333333333336
124.66;125.20299999999999;124.481;125.038;316496.0;44.50320936794533;41.666666666666664
125.038;125.826;124.975;125.691;370647.0;51.11525365585307;50.0
125.691;126.03;125.455;125.89099999999999;318981.0;52.963682333012244;50.0
125.89099999999999;126.566;125.874;126.23599999999999;354042.0;56.05080601341514;58.333333333333336
126.23599999999999;126.572;126.121;126.23599999999999;321752.0;56.05080601341514;50.0
126.195;126.693;126.146;126.318;252002.0;56.831801922717545;50.0
126.318;126.616;126.09299999999999;126.46;274489.0;58.216520820827085;50.0
126.46;126.78699999999999;126.353;126.368;330217.0;56.94209286324129;50.0
126.368;126.60499999999999;125.68599999999999;126.03399999999999;347844.0;52.45277044175445;50.0
126.03399999999999;126.17999999999999;123.822;124.213;454070.0;35.85511736096005;50.0
124.13799999999999;124.82;123.877;124.39;379371.0;37.91165351658342;58.333333333333336
124.39;125.011;124.32499999999999;124.624;359987.0;40.62201408915655;66.66666666666667
124.624;124.737;124.05199999999999;124.256;441841.0;37.82549228042;58.333333333333336
124.256;124.428;123.652;124.133;438536.0;36.910846902164316;50.0
124.133;124.64;124.12599999999999;124.345;392414.0;39.620854752167496;50.0
124.657;124.95299999999999;124.438;124.844;368385.0;45.549643142316725;50.0
124.844;124.89399999999999;124.47699999999999;124.72399999999999;293139.0;44.420046527922786;50.0
124.72399999999999;125.44999999999999;124.60799999999999;125.223;313574.0;49.97556479726206;50.0
125.223;125.395;124.96799999999999;125.279;257889.0;50.57266301984008;50.0
125.279;125.508;125.201;125.271;263543.0;50.47996525229823;50.0
125.271;125.616;124.985;125.517;250386.0;53.313783147613265;58.333333333333336
125.517;125.619;125.11;125.14999999999999;279473.0;48.82480817621543;58.333333333333336
125.14999999999999;125.449;124.779;125.14;302504.0;48.70447229459124;50.0
125.14;125.716;125.021;125.61999999999999;263894.0;54.50117112896442;50.0
125.61999999999999;126.767;125.60499999999999;126.542;284832.0;63.1219024714921;58.333333333333336
126.52499999999999;126.79299999999999;126.49;126.631;224209.0;63.8342390871542;66.66666666666667
126.631;126.68299999999999;126.198;126.317;298621.0;59.46971455576057;58.333333333333336
126.317;126.807;126.268;126.545;288442.0;61.52670609523558;58.333333333333336
126.545;126.603;125.652;125.695;362785.0;51.112050567408744;58.333333333333336
125.695;125.88499999999999;125.667;125.777;217901.0;51.95692401276066;58.333333333333336
125.76299999999999;126.068;125.735;126.00099999999999;165980.0;54.28128054844021;58.333333333333336
126.00099999999999;126.059;125.28099999999999;125.576;246322.0;49.39804885570244;58.333333333333336
125.576;125.60499999999999;124.806;125.13199999999999;316009.0;44.857854282072076;50.0
125.13199999999999;125.23299999999999;124.21;124.315;385984.0;37.94654026798003;50.0
124.315;124.717;124.089;124.35;387972.0;38.38450860801366;58.333333333333336
124.39999999999999;125.097;124.39999999999999;124.948;206468.0;45.46653633333276;58.333333333333336
124.948;125.08999999999999;124.472;125.006;307375.0;46.11346950676578;58.333333333333336
125.006;125.232;124.72099999999999;124.72099999999999;286876.0;43.38961630381217;50.0
124.72099999999999;125.124;124.553;124.562;318739.0;41.90254018856499;50.0
124.562;124.657;124.282;124.441;342672.0;40.757738153400986;41.666666666666664
123.625;124.297;123.36399999999999;123.994;389769.0;36.762008398891346;41.666666666666664
123.994;124.252;123.10799999999999;123.37899999999999;402970.0;32.0993411115232;33.333333333333336
123.37899999999999;123.51899999999999;123.11;123.20599999999999;437177.0;30.911624852697578;25.0
123.20599999999999;123.267;122.485;123.08099999999999;467002.0;30.046538185076432;25.0
123.08099999999999;123.616;123.00699999999999;123.491;538799.0;36.33964849122255;33.333333333333336
123.291;123.45299999999999;122.54899999999999;122.64999999999999;474023.0;30.315245161316955;33.333333333333336
122.64999999999999;123.402;122.572;122.78399999999999;378983.0;32.242694323098036;33.333333333333336
122.78399999999999;123.09299999999999;122.08;122.752;422286.0;32.01496026455473;25.0
122.752;122.96499999999999;122.541;122.732;356622.0;31.86348051664956;16.666666666666668
122.732;122.997;122.274;122.782;469304.0;32.720535773272694;25.0
122.914;123.192;122.53699999999999;122.895;395276.0;34.719055455141074;33.333333333333336
122.895;123.75099999999999;122.676;123.306;389603.0;41.52297594685869;41.666666666666664
123.306;123.50999999999999;122.98299999999999;123.038;290935.0;38.69117711344244;41.666666666666664
123.038;123.08099999999999;122.14699999999999;122.54299999999999;373349.0;34.069545221701944;41.666666666666664
122.54299999999999;122.824;122.417;122.441;275227.0;33.18977871933986;41.666666666666664
122.49199999999999;122.806;122.469;122.588;187103.0;35.764202578351934;50.0
122.588;122.70299999999999;121.993;122.051;310273.0;31.056290381250104;41.666666666666664
122.051;122.213;121.58;121.987;350361.0;30.540297811541603;41.666666666666664
121.987;122.25999999999999;121.904;121.997;278805.0;30.733948484251087;41.666666666666664
121.997;122.01599999999999;120.919;120.92999999999999;480787.0;23.276986220163298;41.666666666666664
120.89699999999999;121.652;120.78399999999999;121.479;436973.0;32.36940449687341;50.0
121.479;121.788;121.303;121.681;402582.0;35.40281411373492;50.0
121.681;122.26599999999999;121.553;121.69999999999999;442384.0;35.69497339328857;50.0
121.69999999999999;122.39699999999999;121.219;122.228;449253.0;43.361254138018346;50.0
122.228;122.716;122.1;122.577;380651.0;47.79177619592842;58.333333333333336
122.8;122.923;122.625;122.661;252837.0;48.82930727205277;66.66666666666667
122.661;123.175;122.625;122.904;271645.0;51.812674333584965;75.0
122.904;123.006;122.422;122.469;297143.0;46.577520730359254;66.66666666666667
122.469;122.562;122.136;122.202;268049.0;43.661448689834096;66.66666666666667
122.202;122.265;121.591;121.693;301164.0;38.68869278843152;66.66666666666667
121.595;122.127;121.591;121.737;195653.0;39.33194113261867;66.66666666666667
121.737;121.871;121.063;121.38199999999999;445707.0;36.04602939563023;66.66666666666667
121.38199999999999;121.655;121.169;121.35799999999999;401228.0;35.82810695846815;58.333333333333336
121.35799999999999;121.922;121.08699999999999;121.155;540809.0;33.95804223265218;50.0
121.155;122.12599999999999;120.951;121.98599999999999;487545.0;46.311851054579215;50.0
121.97399999999999;122.396;121.96499999999999;122.29899999999999;349429.0;50.09823654692243;50.0
122.29899999999999;122.467;121.651;121.791;527740.0;44.600429474624626;41.666666666666664
121.791;122.631;121.764;122.538;413305.0;52.80256637736451;41.666666666666664
122.538;122.896;122.402;122.536;387960.0;52.78003517498792;33.333333333333336
122.536;122.78399999999999;122.283;122.661;359862.0;54.09835944019177;41.666666666666664
122.86999999999999;123.357;122.357;122.37899999999999;423704.0;50.66196953414355;41.666666666666664
122.37899999999999;122.53399999999999;121.719;121.719;337702.0;43.67025652752256;41.666666666666664
121.719;121.824;121.315;121.571;310511.0;42.26177322656006;33.333333333333336
121.571;121.72;121.539;121.648;139826.0;43.28663447635527;41.666666666666664
121.648;121.931;121.594;121.74;317096.0;44.55300681659873;50.0
121.72399999999999;121.97399999999999;121.51599999999999;121.922;230580.0;47.070908009670326;58.333333333333336
121.922;122.134;121.84899999999999;121.99799999999999;204581.0;48.130167627205694;58.333333333333336
121.99799999999999;122.321;121.967;122.02;301130.0;48.45176724574258;58.333333333333336
122.02;122.14699999999999;121.62299999999999;122.10499999999999;300409.0;49.74815121773676;66.66666666666667
122.10499999999999;122.23299999999999;121.515;121.594;251883.0;42.7823487672515;58.333333333333336
121.619;121.85499999999999;121.42;121.485;241739.0;41.44913449091041;58.333333333333336
121.485;121.67999999999999;121.097;121.324;259303.0;39.49153687047304;50.0
121.324;121.485;121.151;121.15599999999999;218476.0;37.50122337946585;50.0
121.15599999999999;121.238;120.78;120.987;345618.0;35.559721103802666;50.0
120.987;121.283;120.809;120.856;349488.0;34.08657731852957;50.0
120.824;121.167;120.79599999999999;120.89999999999999;284798.0;35.059699009717896;50.0
120.89999999999999;121.092;120.493;120.691;269233.0;32.59785460549858;41.666666666666664
120.691;120.70899999999999;120.207;120.511;263061.0;30.60465493351673;33.333333333333336
120.511;121.377;120.051;121.089;383445.0;42.71698446162815;33.333333333333336
121.089;121.196;120.795;120.91799999999999;237831.0;40.466647665530154;25.0
120.844;121.303;120.735;121.234;170738.0;46.11580875666441;25.0
121.234;121.38;120.881;121.119;277796.0;44.46228352761864;25.0
121.119;121.191;120.35;120.463;386751.0;36.43648652320228;25.0
120.463;120.711;118.916;118.981;478911.0;25.317836759536196;25.0
118.981;119.119;118.262;118.353;641500.0;22.223146234094454;25.0
118.33399999999999;118.932;117.67399999999999;118.69;656667.0;27.35474644577098;33.333333333333336
118.69;119.874;118.369;119.213;579319.0;34.56976414015036;41.666666666666664
119.213;119.28;118.435;118.996;578530.0;33.100799413608414;33.333333333333336
118.996;119.164;118.491;118.586;430106.0;30.466605029214264;33.333333333333336
118.586;118.74199999999999;118.086;118.357;354013.0;29.074848992074564;33.333333333333336
118.19;118.40599999999999;117.515;118.073;353214.0;27.402972223753338;25.0
118.073;119.586;117.685;119.23599999999999;539638.0;42.08871871671004;33.333333333333336
119.23599999999999;119.27499999999999;117.78399999999999;117.95899999999999;536325.0;33.96424832857094;25.0
117.95899999999999;118.976;117.622;117.869;684917.0;33.47382514312994;25.0
117.869;118.166;117.577;117.923;412900.0;34.088781451420296;33.333333333333336
117.833;118.47699999999999;117.82499999999999;118.11999999999999;266442.0;36.3985880348655;41.666666666666664
118.11999999999999;118.26899999999999;117.58099999999999;117.901;296991.0;34.93299086924542;41.666666666666664
117.901;118.332;117.865;118.178;230590.0;38.31614603930009;41.666666666666664
118.178;118.304;117.729;117.904;328335.0;36.305265956206554;33.333333333333336
117.904;118.16799999999999;117.256;117.416;488482.0;32.984986724305045;33.333333333333336
117.062;118.196;116.563;117.765;740731.0;37.394662281746925;41.666666666666664
117.765;117.835;117.211;117.23899999999999;419598.0;33.78622470973756;41.666666666666664
117.23899999999999;117.678;117.10199999999999;117.54899999999999;365799.0;37.60745253828299;50.0
117.54899999999999;117.93299999999999;117.28;117.75999999999999;378086.0;40.13965955894424;50.0
117.75999999999999;117.819;116.62299999999999;116.795;343100.0;33.45271910634778;50.0
116.545;116.77799999999999;116.35;116.488;211590.0;31.64648123250145;50.0
116.488;116.544;115.863;116.235;370255.0;30.199349909716148;41.666666666666664
116.235;117.435;116.13199999999999;117.37899999999999;313019.0;42.9115556071099;41.666666666666664
117.37899999999999;118.612;117.27799999999999;117.97699999999999;384274.0;48.22017806141052;50.0
117.97699999999999;118.265;117.783;117.845;351924.0;47.177322055868714;41.666666666666664
117.80499999999999;118.508;117.738;118.47;261115.0;52.42388928635541;50.0
118.47;118.785;118.27199999999999;118.75099999999999;266871.0;54.60689898860535;58.333333333333336
118.75099999999999;119.169;118.298;118.70899999999999;257976.0;54.20654321441079;50.0
118.70899999999999;119.822;117.556;119.571;554061.0;60.59242597292077;58.333333333333336
119.571;120.00999999999999;119.53699999999999;119.722;333432.0;61.60254900204005;58.333333333333336
118.994;119.50999999999999;118.69;118.945;346563.0;53.94060242224538;50.0
118.945;119.774;118.872;119.688;324196.0;59.170220248859046;58.333333333333336
119.688;119.823;119.41;119.607;313201.0;58.391852485659356;58.333333333333336
119.607;119.66;118.955;119.265;334625.0;55.09628834590289;58.333333333333336
119.265;119.37899999999999;118.45299999999999;118.506;309237.0;48.54771545365955;50.0
118.65899999999999;118.792;117.753;118.214;283698.0;46.269249530963286;41.666666666666664
118.214;118.56;117.89;117.984;352234.0;44.497748361334594;41.666666666666664
117.984;118.199;117.792;117.911;354257.0;43.92294389238892;33.333333333333336
117.911;118.05199999999999;117.517;117.75399999999999;301846.0;42.64699861732067;25.0
117.75399999999999;118.473;117.446;118.074;336112.0;46.08484506041274;33.333333333333336
118.124;118.176;117.542;117.786;283032.0;43.554440530446556;25.0
117.786;118.17099999999999;117.675;117.783;359839.0;43.52762969832669;16.666666666666668
117.783;118.002;117.32499999999999;117.457;368786.0;40.602710273795445;16.666666666666668
117.457;117.652;117.072;117.205;450243.0;38.451748906812846;8.333333333333334
117.205;117.48899999999999;117.085;117.353;355894.0;40.447131276821665;16.666666666666668
117.119;117.90599999999999;117.072;117.66;288133.0;44.468821778625724;25.0
117.66;117.97;117.13;117.326;402760.0;41.20832555648272;25.0
117.326;118.095;117.207;117.916;306378.0;48.40491371441367;33.333333333333336
117.916;118.944;117.573;118.812;524025.0;57.01105198428921;41.666666666666664
118.812;120.003;118.72;119.66199999999999;484590.0;63.27018666926898;50.0
119.50699999999999;119.713;119.187;119.527;292022.0;61.7328349879302;50.0
119.527;120.22699999999999;119.109;120.094;393963.0;65.5220521337814;50.0
120.094;120.472;119.744;120.42;430138.0;67.51383017253971;58.333333333333336
120.42;121.35499999999999;120.336;120.838;419823.0;69.91382278697408;66.66666666666667
120.838;121.118;120.673;121.076;291995.0;71.21765850803637;75.0
120.985;121.47699999999999;120.783;121.101;306602.0;71.35807103787863;83.33333333333333
121.101;121.285;120.57799999999999;120.68299999999999;270194.0;65.5960067317622;75.0
120.68299999999999;121.053;120.387;120.976;304357.0;67.57262504367486;75.0
120.976;121.386;120.42699999999999;120.60199999999999;325407.0;62.62654565061149;75.0
120.60199999999999;120.804;120.35199999999999;120.393;250121.0;59.98421804722252;66.66666666666667
120.499;120.99;120.40899999999999;120.917;226834.0;64.0765929083428;66.66666666666667
120.917;121.066;120.577;120.991;238463.0;64.62677178519507;66.66666666666667
120.991;121.398;120.878;121.36;296213.0;67.31493180567742;75.0
121.36;121.47099999999999;120.285;120.479;396407.0;56.311847861609785;66.66666666666667
120.479;120.943;120.362;120.78099999999999;310808.0;58.79805037312649;66.66666666666667
120.806;121.10799999999999;120.77199999999999;120.822;217293.0;59.13803064419902;66.66666666666667
120.822;121.29899999999999;120.697;120.877;337291.0;59.61939320173516;66.66666666666667
120.877;120.91499999999999;120.473;120.59299999999999;246690.0;55.953968992373696;58.333333333333336
120.59299999999999;121.11399999999999;120.13799999999999;120.753;360969.0;57.53785860465772;66.66666666666667
120.753;120.877;120.217;120.36999999999999;286639.0;52.65657323740492;58.333333333333336
120.351;120.422;120.07;120.312;186272.0;51.93798598103127;58.333333333333336
120.312;120.637;119.948;119.99199999999999;269646.0;48.042520415686745;58.333333333333336
119.99199999999999;120.17999999999999;119.58;119.771;270585.0;45.50416521046438;50.0
119.771;119.812;119.249;119.502;277310.0;42.55675993262551;41.666666666666664
119.502;120.317;119.434;120.198;238521.0;51.33910403790622;41.666666666666664
120.19;120.68599999999999;120.092;120.318;243371.0;52.68233747318137;50.0
120.318;120.497;120.0;120.23599999999999;237173.0;51.63347147413186;41.666666666666664
120.23599999999999;120.407;119.84899999999999;120.24;313411.0;51.68400466522529;41.666666666666664
120.24;120.57799999999999;119.941;120.10799999999999;321021.0;49.83365760688224;33.333333333333336
120.10799999999999;120.49;119.66199999999999;119.698;273480.0;44.50409443437197;33.333333333333336
119.723;120.116;119.65299999999999;119.949;199733.0;48.159319257039755;33.333333333333336
119.949;120.252;119.917;120.172;233230.0;51.2325756636818;41.666666666666664
120.172;120.597;120.06;120.463;197947.0;54.98297648885219;50.0
120.463;120.58699999999999;120.324;120.56;157292.0;56.19235216796774;58.333333333333336
120.56;120.762;120.41199999999999;120.625;207068.0;57.02549910383479;66.66666666666667
120.66;121.01599999999999;120.52199999999999;120.732;248186.0;58.42713972787705;75.0
120.732;120.96;120.246;120.37599999999999;286349.0;52.313617557177174;66.66666666666667
120.37599999999999;120.81099999999999;120.09899999999999;120.589;299570.0;55.32558341005318;66.66666666666667
120.589;120.889;120.557;120.765;225451.0;57.702884374871125;75.0
120.765;120.786;120.002;120.062;239032.0;46.95476887651781;66.66666666666667
120.09899999999999;120.27;119.991;120.101;163069.0;47.53857527194827;75.0
120.101;120.688;120.08399999999999;120.591;213897.0;54.338291869576004;83.33333333333333
120.591;120.929;120.374;120.819;223572.0;57.123113739989265;83.33333333333333
120.819;121.72999999999999;120.758;121.627;613376.0;65.21876003332915;83.33333333333333
121.627;122.64999999999999;121.389;121.568;482583.0;64.2645908910682;75.0
121.568;122.231;121.568;122.06;195774.0;68.41449810484006;75.0
122.06;122.46199999999999;121.928;122.068;184496.0;68.47859761736655;75.0
122.068;122.16;121.729;121.734;166702.0;62.75273689914769;66.66666666666667
121.734;122.05;121.422;121.618;213156.0;60.84972821397073;66.66666666666667
121.618;121.698;121.194;121.255;181624.0;55.20763141866352;58.333333333333336
121.18299999999999;121.353;121.082;121.29899999999999;184616.0;55.743294489073875;58.333333333333336
121.29899999999999;121.371;121.062;121.181;299837.0;53.88228868849911;58.333333333333336
121.181;121.78399999999999;121.181;121.64999999999999;57242.0;59.64849701407671;58.333333333333336
121.64999999999999;122.5;121.601;122.36099999999999;258747.0;66.4890441451291;58.333333333333336
122.32499999999999;122.485;121.872;121.952;256664.0;60.17002453584585;50.0
121.952;122.095;121.72699999999999;121.938;215291.0;59.959961147049334;41.666666666666664
121.938;122.017;120.981;121.3;205366.0;51.18939717970211;41.666666666666664
121.3;121.378;120.167;120.657;362902.0;44.17601240160482;33.333333333333336
120.41799999999999;121.398;120.27499999999999;121.33399999999999;312542.0;51.682166607852594;33.333333333333336
121.33399999999999;121.448;120.78399999999999;120.92399999999999;286738.0;47.51529668389995;33.333333333333336
120.92399999999999;121.38199999999999;120.17099999999999;121.172;596035.0;50.13422901592509;41.666666666666664
121.172;121.689;121.1;121.63199999999999;258719.0;54.65404655158909;50.0
121.63199999999999;121.838;121.521;121.75699999999999;212742.0;55.82576762489656;50.0
121.699;122.491;121.51299999999999;122.41199999999999;186815.0;61.4473198363631;58.333333333333336
122.41199999999999;122.765;122.188;122.381;272634.0;61.05132691567613;50.0
122.381;122.719;122.199;122.532;209171.0;62.32494242373197;50.0
122.532;122.875;122.482;122.67;198734.0;63.4996493543921;58.333333333333336
122.67;122.841;122.124;122.17699999999999;189822.0;56.69825697350479;58.333333333333336
122.085;122.317;122.03399999999999;122.244;131154.0;57.36658426995765;66.66666666666667
122.244;122.372;121.717;121.74499999999999;260863.0;51.04731124893124;66.66666666666667
121.74499999999999;122.015;121.61399999999999;121.83999999999999;231524.0;52.12847903325513;66.66666666666667
121.83999999999999;121.877;120.634;121.03;310201.0;43.33936352867043;66.66666666666667
121.03;121.265;120.416;120.487;252862.0;38.63645159748364;58.333333333333336
120.13199999999999;120.402;119.90599999999999;119.985;358125.0;34.86927636213265;50.0
119.985;120.335;119.809;120.301;260595.0;38.90736192317892;50.0
120.301;120.428;119.88799999999999;120.01899999999999;242067.0;36.71943737708742;41.666666666666664
120.01899999999999;120.24799999999999;119.774;120.178;365669.0;38.80883909627578;50.0
120.178;120.40599999999999;120.026;120.16799999999999;350049.0;38.722242728153425;41.666666666666664
120.35199999999999;120.37899999999999;119.919;120.188;351033.0;39.01533498691068;41.666666666666664
120.188;120.981;120.064;120.96;263864.0;49.12968348897039;50.0
120.96;121.152;120.658;120.782;293909.0;47.18646299895133;41.666666666666664
120.782;121.02199999999999;120.569;120.792;232311.0;47.312544109164484;50.0
120.792;120.804;120.092;120.149;279982.0;40.60080493915308;41.666666666666664
120.01299999999999;120.33999999999999;119.679;119.779;262782.0;37.3200317441601;41.666666666666664
119.779;120.02499999999999;119.594;119.833;234450.0;38.106110498314195;50.0
119.833;120.304;119.615;119.697;233458.0;36.852579677838456;50.0
119.697;119.722;118.875;119.035;317512.0;31.43231465591035;41.666666666666664
119.035;119.228;118.86699999999999;118.949;214449.0;30.79857855706629;41.666666666666664
118.86699999999999;119.195;118.86699999999999;119.04599999999999;137345.0;32.45281395779974;41.666666666666664
119.04599999999999;119.071;118.46199999999999;118.56099999999999;261322.0;28.751941192465907;41.666666666666664
118.56099999999999;120.5;118.551;120.306;252760.0;50.586198944452434;41.666666666666664
120.306;121.39699999999999;120.095;120.87299999999999;402987.0;55.37190536105817;41.666666666666664
120.87299999999999;121.35;120.357;121.073;395276.0;56.95551074545353;50.0
120.319;121.071;119.901;120.142;507179.0;48.35398885243298;41.666666666666664
120.142;120.53399999999999;119.41;119.90599999999999;598577.0;46.43941004392788;41.666666666666664
119.90599999999999;120.586;119.752;120.13799999999999;654272.0;48.594241841799274;50.0
120.13799999999999;121.042;119.951;120.523;804360.0;52.04236826105151;50.0
120.523;120.661;118.37899999999999;119.068;1055604.0;40.88175842044775;50.0
118.652;120.749;118.606;120.565;902054.0;52.23213341749687;58.333333333333336
120.565;120.949;119.53399999999999;119.616;897907.0;46.17922087352285;58.333333333333336
119.616;120.131;119.02;119.743;680793.0;47.063329140301285;58.333333333333336
119.743;119.999;118.996;119.31099999999999;604237.0;44.39201456075382;58.333333333333336
119.31099999999999;119.435;118.708;118.87299999999999;918003.0;41.801369320925396;50.0
118.262;118.696;116.119;117.089;1314398.0;33.281836245417146;41.666666666666664
117.089;119.487;116.80499999999999;119.14399999999999;1275710.0;46.74599488436137;41.666666666666664
119.14399999999999;119.22699999999999;117.539;117.783;984525.0;40.864208959505895;41.666666666666664
117.783;118.336;116.309;116.997;1368690.0;37.89845311658354;41.666666666666664
116.997;120.322;116.889;119.88499999999999;1475391.0;51.753733925326856;41.666666666666664
118.404;119.90599999999999;117.131;118.372;1648074.0;45.96756823276132;33.333333333333336
118.372;119.685;117.295;118.383;1618921.0;46.014824795868066;41.666666666666664
118.383;118.52199999999999;116.895;117.958;1330813.0;44.39911678447347;33.333333333333336
117.958;119.324;117.40599999999999;118.342;1633231.0;46.236008629330634;41.666666666666664
118.342;119.3;117.842;118.538;1774993.0;47.194938785585975;41.666666666666664
118.535;119.937;117.719;119.285;1564933.0;50.79688548276275;50.0
119.285;120.53699999999999;118.80799999999999;119.973;1298886.0;53.914877488868854;58.333333333333336
119.973;121.14399999999999;119.50999999999999;120.991;1235812.0;58.14164696912888;66.66666666666667
120.991;121.082;119.95299999999999;120.857;1085893.0;57.395427093680844;58.333333333333336
120.857;120.943;118.803;120.244;1090670.0;53.982161284847976;58.333333333333336
120.244;120.244;118.79599999999999;119.018;783159.0;47.85280461334222;58.333333333333336
119.018;119.70599999999999;118.198;118.62299999999999;904605.0;46.03903490091537;50.0
118.62299999999999;118.874;116.945;117.467;710773.0;41.12613346389684;50.0
117.467;117.717;116.35;117.089;757806.0;39.63667728592837;41.666666666666664
117.089;117.38499999999999;116.732;117.18599999999999;614852.0;40.23484438517353;50.0
117.18599999999999;118.307;117.115;117.848;601054.0;44.292141278927886;50.0
117.848;119.03699999999999;117.508;118.414;576368.0;47.569442321011294;50.0
118.414;118.695;117.91499999999999;118.137;585088.0;46.13885393661317;41.666666666666664
118.137;118.999;118.076;118.523;589809.0;48.46471380724405;41.666666666666664
118.523;118.738;118.39;118.52499999999999;285525.0;48.477128483232306;41.666666666666664
118.685;118.70899999999999;117.306;117.544;421212.0;43.00480932287717;41.666666666666664
117.544;117.94;117.304;117.722;367916.0;44.23488771949455;50.0
117.722;117.756;116.8;117.17699999999999;407346.0;41.29612156616502;50.0
117.17699999999999;117.50099999999999;116.551;116.95899999999999;427511.0;40.147175168916725;50.0
116.95899999999999;117.416;116.624;116.88499999999999;463616.0;39.74296182989572;50.0
116.88499999999999;117.28999999999999;116.78099999999999;116.87899999999999;319542.0;39.708052745970235;50.0
116.87899999999999;117.16199999999999;116.22099999999999;117.014;414864.0;40.96454081688825;50.0
117.014;117.219;116.442;116.598;327177.0;38.314763066999376;41.666666666666664
116.598;116.836;115.637;115.942;463633.0;34.52249738892982;33.333333333333336
115.942;116.42399999999999;115.54299999999999;116.292;381586.0;38.04581771106937;41.666666666666664
116.369;116.511;116.048;116.14699999999999;379739.0;37.15385129656636;33.333333333333336
116.14699999999999;116.27;115.60799999999999;115.616;335557.0;34.00935440739639;25.0
115.616;116.077;115.449;115.91799999999999;341553.0;37.261561135588956;33.333333333333336
115.91799999999999;117.776;115.547;117.35199999999999;462100.0;49.88993950354936;33.333333333333336
117.35199999999999;117.76599999999999;117.01899999999999;117.369;338375.0;50.01838197170739;41.666666666666664
117.369;117.369;116.268;116.357;307039.0;42.95917490271226;41.666666666666664
116.357;116.567;115.40899999999999;115.41199999999999;324884.0;37.61992565774082;41.666666666666664
115.41199999999999;115.60199999999999;114.42699999999999;114.479;287373.0;33.2288216602239;41.666666666666664
114.479;115.13799999999999;114.39699999999999;115.09899999999999;351953.0;38.37634115011563;41.666666666666664
115.09899999999999;115.744;115.033;115.548;298199.0;41.87127599573032;50.0
115.30799999999999;116.514;115.268;116.31;316338.0;47.33065032091624;58.333333333333336
116.31;116.856;115.95899999999999;116.195;308802.0;46.61903883251073;50.0
116.195;116.41199999999999;115.69;115.762;360289.0;43.94025428900672;50.0
115.762;115.928;115.326;115.833;351224.0;44.50336816728324;58.333333333333336
115.833;116.197;115.47399999999999;115.83;332201.0;44.483035838877505;50.0
115.845;117.24;115.714;117.09899999999999;298231.0;54.04691277046118;50.0
117.09899999999999;118.199;117.027;117.62599999999999;339600.0;57.33408886820989;50.0
117.62599999999999;118.20299999999999;117.55499999999999;118.03099999999999;284409.0;59.718820680122356;58.333333333333336
118.03099999999999;118.52499999999999;117.729;117.815;289021.0;57.861314664016774;58.333333333333336
117.815;117.97699999999999;116.99499999999999;117.297;277058.0;53.55890841820161;58.333333333333336
117.189;117.557;117.083;117.315;167270.0;53.68777674128789;58.333333333333336
117.315;118.336;117.29299999999999;118.054;270887.0;58.74878576212311;58.333333333333336
118.054;118.91;117.70599999999999;118.53699999999999;448091.0;61.69512598829987;58.333333333333336
118.53699999999999;119.393;118.47399999999999;119.179;393571.0;65.24813905794296;66.66666666666667
119.179;119.899;118.85499999999999;119.66199999999999;498273.0;67.6772526309219;75.0
119.687;119.975;119.42399999999999;119.798;402862.0;68.34813370202492;75.0
119.798;121.63199999999999;119.62299999999999;121.377;444552.0;74.86983037415159;83.33333333333333
121.377;122.625;121.268;122.33;519764.0;77.83786114231155;83.33333333333333
122.33;123.972;121.847;123.717;570019.0;81.29958530844269;83.33333333333333
123.717;124.432;123.53999999999999;123.70299999999999;571317.0;81.16177915678047;75.0
123.73899999999999;124.11999999999999;122.223;122.44999999999999;394912.0;69.76401965303455;75.0
122.44999999999999;122.604;121.32499999999999;122.185;523982.0;67.60177169995788;75.0
122.185;122.362;121.586;121.821;601400.0;64.63827824971533;66.66666666666667
121.821;121.90599999999999;120.65299999999999;120.743;657862.0;56.70954003220414;58.333333333333336
120.743;121.816;120.25399999999999;120.84599999999999;641230.0;57.24912820519082;58.333333333333336
120.65899999999999;121.636;120.33399999999999;121.52499999999999;643465.0;60.724558116688414;58.333333333333336
121.52499999999999;122.11699999999999;120.472;120.869;561501.0;55.98886077946493;50.0
120.869;121.232;120.15299999999999;120.309;507977.0;52.243282301588955;41.666666666666664
120.309;120.541;119.58999999999999;119.856;440894.0;49.3662654696611;33.333333333333336
119.856;120.213;119.375;119.431;451515.0;46.7642984755642;25.0
119.42099999999999;120.442;119.31099999999999;120.372;350194.0;52.70784893160305;25.0
120.372;121.10199999999999;119.90899999999999;120.446;586105.0;53.150816346027426;33.333333333333336
120.446;120.749;120.03399999999999;120.42399999999999;440684.0;52.99190026393074;33.333333333333336
120.42399999999999;120.624;120.14099999999999;120.237;604028.0;51.58019352924707;33.333333333333336
120.237;120.381;119.81099999999999;120.255;351772.0;51.71353829041544;41.666666666666664
120.12899999999999;121.359;120.12899999999999;120.928;370298.0;56.533412427165196;50.0
120.928;121.42699999999999;120.58699999999999;121.23899999999999;429419.0;58.590443725897515;50.0
121.23899999999999;121.482;120.25999999999999;120.913;405268.0;55.619110971145474;41.666666666666664
120.913;121.442;120.75;120.81;379108.0;54.67565250486786;41.666666666666664
120.81;120.964;120.609;120.88799999999999;321699.0;55.29410394996161;50.0
120.88799999999999;121.96799999999999;120.783;121.36699999999999;326444.0;58.994449555481786;58.333333333333336
121.36699999999999;121.71799999999999;121.18299999999999;121.202;331570.0;57.236981967212365;58.333333333333336
121.202;121.88;121.136;121.514;320978.0;59.68278791855474;58.333333333333336
121.514;121.96799999999999;120.90299999999999;120.97099999999999;353933.0;53.90438689418397;50.0
120.97099999999999;121.066;120.271;120.776;326523.0;51.958858197776784;50.0
120.79299999999999;121.96499999999999;120.788;121.704;299526.0;59.45807551193998;58.333333333333336
121.704;122.319;121.469;122.243;363534.0;63.06446391022569;58.333333333333336
122.243;122.499;121.824;122.02;333261.0;60.6602499554635;50.0
122.02;122.502;121.815;122.076;339791.0;61.06170158195028;50.0
122.076;122.576;121.92999999999999;122.282;272367.0;62.574674279955715;58.333333333333336
122.282;122.975;122.15899999999999;122.777;370119.0;65.99394177690534;66.66666666666667
122.777;123.175;122.469;123.109;378208.0;68.09911477933562;66.66666666666667
123.109;124.292;123.021;123.97699999999999;428090.0;72.83413056921738;66.66666666666667
123.97699999999999;124.24199999999999;123.70899999999999;123.916;350456.0;72.02504025906725;66.66666666666667
123.916;123.969;122.842;123.67399999999999;457386.0;68.76158148589272;58.333333333333336
123.439;123.904;123.22099999999999;123.823;424556.0;69.67271849878829;66.66666666666667
123.823;123.98899999999999;123.014;123.112;426933.0;60.59094999100426;66.66666666666667
123.112;123.789;123.017;123.71;377535.0;64.75247548324393;66.66666666666667
123.71;124.197;123.33699999999999;124.065;442893.0;66.98155260121854;66.66666666666667
124.065;125.20899999999999;123.841;124.694;588196.0;70.53689886963639;75.0
124.506;125.05799999999999;123.993;124.618;444417.0;69.56225370842887;66.66666666666667
124.618;125.0;124.26599999999999;124.767;384823.0;70.4250563270518;66.66666666666667
124.767;125.51599999999999;124.63499999999999;125.26899999999999;405357.0;73.18314910554429;66.66666666666667
125.26899999999999;125.589;124.66;125.347;498861.0;73.59519302624689;66.66666666666667
125.347;125.39399999999999;124.46;124.812;481868.0;66.09382485131509;58.333333333333336
124.812;124.883;124.33999999999999;124.357;292530.0;60.45052165832538;58.333333333333336
124.357;125.50099999999999;124.286;125.011;446019.0;65.06745646968977;66.66666666666667
125.011;126.217;124.951;125.981;409026.0;70.55739929529233;66.66666666666667
125.981;126.755;125.881;126.312;369667.0;72.16497058072781;75.0
126.312;126.469;125.74;126.20599999999999;286787.0;70.8311997240291;66.66666666666667
126.20599999999999;126.464;125.67099999999999;125.824;288021.0;66.0905656401766;58.333333333333336
125.824;126.094;125.34299999999999;125.759;379866.0;65.28982473128723;50.0
125.759;126.06;125.375;125.598;415385.0;63.2458214518074;50.0
125.598;125.782;125.083;125.47999999999999;401488.0;61.720688645018164;41.666666666666664
125.47999999999999;125.559;124.44;124.782;359752.0;53.50197681759088;33.333333333333336
124.714;125.344;124.606;124.916;264455.0;54.747773029193546;33.333333333333336
124.916;126.029;124.85799999999999;125.904;322303.0;62.68596444268081;41.666666666666664
125.904;126.14099999999999;125.262;125.37899999999999;300961.0;56.9673038936105;41.666666666666664
125.37899999999999;126.092;125.13499999999999;125.975;544224.0;61.28520427121957;41.666666666666664
125.975;126.77499999999999;125.201;125.40899999999999;552714.0;55.581474039676614;33.333333333333336
125.455;126.847;125.389;126.404;383712.0;62.23542079586781;33.333333333333336
126.404;127.07499999999999;126.13799999999999;126.201;424968.0;60.25231202146395;33.333333333333336
126.201;126.314;125.554;125.87599999999999;369909.0;57.114497473561876;33.333333333333336
125.87599999999999;126.024;125.28699999999999;125.84299999999999;394365.0;56.79109076226745;33.333333333333336
125.84299999999999;125.98599999999999;125.30199999999999;125.731;381696.0;55.63956109912534;33.333333333333336
125.863;125.97;125.494;125.509;195150.0;53.33123992280743;33.333333333333336
125.509;125.649;124.693;124.842;376804.0;47.019512885651096;33.333333333333336
124.842;125.646;124.419;125.319;375066.0;51.445155347142126;33.333333333333336
125.319;126.463;125.25999999999999;125.381;394014.0;52.006335474869715;33.333333333333336
125.381;126.12299999999999;125.30799999999999;125.728;308531.0;55.13190937483493;41.666666666666664
125.536;125.901;125.285;125.426;231487.0;51.960300215405205;33.333333333333336
125.426;125.76899999999999;124.755;124.908;252770.0;46.96918957985669;33.333333333333336
124.908;125.014;123.83699999999999;123.997;351517.0;39.73947755211325;25.0
123.997;124.136;123.31099999999999;124.10199999999999;387506.0;40.86921412556874;33.333333333333336
124.10199999999999;124.312;123.434;123.783;286228.0;38.50725219945205;33.333333333333336
123.761;123.94;122.517;123.17999999999999;413170.0;34.45380007670441;33.333333333333336
123.17999999999999;123.279;122.65599999999999;122.851;334818.0;32.44692938235132;33.333333333333336
122.851;123.192;122.57799999999999;122.85799999999999;349590.0;32.53696926803522;41.666666666666664
122.85799999999999;123.158;122.58099999999999;122.98299999999999;336843.0;34.22298134768312;50.0
122.98299999999999;123.154;122.612;122.75;312099.0;32.5881063559568;41.666666666666664
122.75;123.20899999999999;122.377;123.015;263490.0;36.314444706686636;41.666666666666664
123.015;124.119;123.009;124.02199999999999;306657.0;48.06314195019939;41.666666666666664
124.02199999999999;124.25;123.53099999999999;123.589;382626.0;44.280426470379666;41.666666666666664
123.589;124.204;123.551;123.93599999999999;386629.0;47.824359984924314;50.0
123.93599999999999;124.00699999999999;123.021;123.38799999999999;440428.0;43.156093160906075;50.0
123.27499999999999;124.71499999999999;123.26599999999999;124.564;240175.0;53.61911205793241;50.0
124.564;124.73299999999999;123.84899999999999;123.91799999999999;284518.0;48.35391518507439;50.0
123.91799999999999;124.877;123.844;124.61999999999999;263468.0;53.67719311757982;58.333333333333336
124.61999999999999;124.877;124.365;124.64999999999999;225236.0;53.895893816159024;66.66666666666667
124.64999999999999;125.08699999999999;124.514;124.923;238251.0;55.93470972696189;66.66666666666667
124.91;125.006;124.28699999999999;124.404;197545.0;51.2909617290057;58.333333333333336
124.404;124.47;123.807;123.859;257365.0;46.88876101273588;58.333333333333336
123.859;123.938;123.472;123.51299999999999;220811.0;44.28981564569529;50.0
123.51299999999999;123.774;123.017;123.42699999999999;260350.0;43.64231058863847;41.666666666666664
123.42699999999999;123.71499999999999;123.116;123.46499999999999;256759.0;44.03167070572552;50.0
123.484;124.342;123.365;124.067;195953.0;49.93297061953083;50.0
124.067;124.999;123.92999999999999;124.691;225573.0;55.20532415206311;58.333333333333336
124.691;124.839;123.914;124.023;252082.0;49.228802131077074;50.0
124.023;124.09299999999999;123.65299999999999;123.899;223514.0;48.18596137937623;50.0
123.899;124.23299999999999;123.41199999999999;124.15299999999999;239747.0;50.499134987608166;50.0
124.057;124.204;123.776;123.795;229236.0;47.29431447025398;41.666666666666664
123.795;123.99499999999999;123.14699999999999;123.149;216863.0;42.10204589873078;33.333333333333336
123.149;123.18599999999999;122.18599999999999;122.53399999999999;310500.0;37.84257041894376;33.333333333333336
122.53399999999999;122.89;121.895;122.076;334829.0;35.00251255952009;33.333333333333336
122.076;122.464;121.61699999999999;121.88499999999999;346672.0;33.86120792891563;33.333333333333336
121.72999999999999;122.154;121.704;121.863;267570.0;33.724804340722685;33.333333333333336
121.863;122.755;121.72099999999999;122.324;281369.0;39.24749206438605;33.333333333333336
122.324;123.073;121.96499999999999;122.497;647117.0;41.226779281825216;33.333333333333336
122.497;123.182;122.213;122.317;432131.0;39.77478942174559;25.0
122.317;122.99199999999999;122.22;122.70599999999999;413425.0;44.337361551296915;33.333333333333336
122.835;125.136;122.657;124.452;548475.0;59.25713685640425;41.666666666666664
124.452;124.606;123.991;124.356;426131.0;58.331347506481066;33.333333333333336
124.356;124.675;123.919;124.14399999999999;305864.0;56.24167107691295;33.333333333333336
124.14399999999999;124.50399999999999;123.684;124.088;291446.0;55.67429811585697;33.333333333333336
124.088;124.30199999999999;123.66;123.74499999999999;264636.0;52.20071536138799;33.333333333333336
124.012;124.439;123.627;123.91499999999999;309600.0;53.7411978531731;41.666666666666664
123.91499999999999;124.026;123.515;123.579;242339.0;50.29132204302723;41.666666666666664
123.579;123.63;123.017;123.04299999999999;235418.0;45.29597228904835;41.666666666666664
123.04299999999999;123.321;122.845;123.173;263798.0;46.67932129876822;41.666666666666664
123.173;123.481;123.009;123.077;235581.0;45.75907877713234;33.333333333333336
122.97399999999999;123.82799999999999;122.966;123.64699999999999;260699.0;51.831094013179666;41.666666666666664
123.64699999999999;124.348;123.548;124.16799999999999;255752.0;56.61212667109502;41.666666666666664
124.16799999999999;124.511;124.14099999999999;124.438;276079.0;58.88942140016105;41.666666666666664
124.438;124.569;123.91199999999999;124.178;165777.0;55.849486197054404;41.666666666666664
124.178;124.49499999999999;123.89999999999999;124.463;197249.0;58.385369573709966;50.0
124.435;125.128;124.30499999999999;124.36099999999999;279613.0;57.12084255074197;50.0
124.36099999999999;125.954;124.35;125.87899999999999;279173.0;68.16977036144996;58.333333333333336
125.87899999999999;126.55;125.777;126.472;302708.0;71.28280216904876;58.333333333333336
126.472;126.65599999999999;126.03;126.048;287952.0;66.29060622031264;58.333333333333336
126.048;126.682;126.03999999999999;126.225;312331.0;67.31953928463598;66.66666666666667
126.169;126.48599999999999;125.964;125.97;282341.0;64.27561383789805;58.333333333333336
125.97;126.25699999999999;125.86099999999999;126.041;273038.0;64.75348618035926;66.66666666666667
126.041;126.517;125.785;125.87899999999999;249437.0;62.692826285874794;58.333333333333336
125.87899999999999;126.74;125.78999999999999;126.487;321238.0;66.94450186188004;58.333333333333336
126.487;126.612;125.785;125.919;267895.0;60.05843521848261;50.0
126.172;126.514;125.917;126.324;254473.0;62.98229891054575;58.333333333333336
126.324;126.591;125.90899999999999;125.93299999999999;260499.0;58.527782772424416;50.0
125.93299999999999;126.34599999999999;125.705;126.17699999999999;290913.0;60.40956785948104;58.333333333333336
126.17699999999999;126.51899999999999;126.014;126.444;273168.0;62.41906093578315;58.333333333333336
126.444;127.01299999999999;126.38499999999999;126.54299999999999;242633.0;63.16561002561023;58.333333333333336
126.46;126.61699999999999;125.911;126.46;371109.0;62.05265228943479;58.333333333333336
126.46;126.658;125.993;126.024;276430.0;56.42811734940993;50.0
126.024;126.381;125.937;126.149;280568.0;57.61430602938029;58.333333333333336
126.149;126.499;126.097;126.271;164565.0;58.7934008293767;58.333333333333336
126.271;126.958;126.047;126.752;231513.0;63.14631652832276;66.66666666666667
126.752;127.234;126.63;126.872;214098.0;64.16341033613965;66.66666666666667
126.872;127.13499999999999;126.464;126.829;264143.0;63.487267213238546;66.66666666666667
126.829;126.981;126.122;126.12899999999999;207518.0;53.58742346209848;58.333333333333336
126.11;126.795;126.09599999999999;126.261;333741.0;55.01204190790732;66.66666666666667
126.261;126.554;126.048;126.261;286467.0;55.01204190790733;58.333333333333336
126.261;127.24799999999999;126.13799999999999;126.95299999999999;430653.0;62.08739394193654;58.333333333333336
126.95299999999999;127.493;126.88199999999999;127.32499999999999;341085.0;65.2512217542907;58.333333333333336
127.32499999999999;127.46499999999999;126.815;127.039;381665.0;61.03416010081108;58.333333333333336
126.86999999999999;127.032;126.554;126.66199999999999;287825.0;55.90515469615024;58.333333333333336
126.66199999999999;126.865;126.538;126.63199999999999;283270.0;55.50543067399853;50.0
126.63199999999999;126.711;126.211;126.268;268763.0;50.76280528558903;41.666666666666664
126.268;126.527;125.926;126.143;306742.0;49.207873798509674;33.333333333333336
126.143;126.196;125.36699999999999;125.37899999999999;253337.0;40.951276289886664;25.0
125.429;125.491;125.089;125.188;200036.0;39.18128986661199;25.0
125.188;126.20899999999999;125.188;126.00699999999999;233666.0;49.30039847922349;33.333333333333336
126.00699999999999;126.187;125.27;125.297;229166.0;42.67201886641801;25.0
125.297;125.97;125.261;125.881;249087.0;48.772941831720594;33.333333333333336
125.881;126.40299999999999;125.853;126.228;221407.0;52.03896140842504;33.333333333333336
126.28999999999999;126.371;125.807;125.926;221566.0;49.1046631548662;25.0
125.926;126.16;125.691;125.97999999999999;219511.0;49.65134544443173;33.333333333333336
125.97999999999999;126.19;125.59899999999999;126.02199999999999;314661.0;50.100292600259024;41.666666666666664
126.02199999999999;126.66499999999999;125.97999999999999;126.264;310713.0;52.71647465832763;50.0
126.264;127.345;126.235;127.051;346455.0;60.05168367763668;58.333333333333336
127.065;127.11699999999999;126.521;126.527;261032.0;54.04045960759705;58.333333333333336
126.527;126.824;126.27;126.402;248056.0;52.68560373257785;58.333333333333336
126.402;126.527;126.143;126.39999999999999;204844.0;52.66285364255787;58.333333333333336
126.39999999999999;126.46499999999999;126.101;126.193;219904.0;50.244580162473184;50.0
126.193;126.996;126.16199999999999;126.92099999999999;231876.0;57.6159643714418;58.333333333333336
126.783;127.127;126.649;126.707;198236.0;55.03481441435217;50.0
126.707;126.851;126.435;126.707;239966.0;55.03481441435217;41.666666666666664
126.707;127.079;126.64699999999999;126.72999999999999;225090.0;55.28451054891874;50.0
126.72999999999999;127.163;126.68599999999999;127.021;159025.0;58.42984552118971;50.0
127.021;127.30799999999999;126.947;127.08699999999999;171847.0;59.13199246465399;50.0
127.17699999999999;127.97399999999999;127.17;127.785;144846.0;65.7254638752901;50.0
127.785;128.381;127.66499999999999;128.362;219775.0;70.02996639569854;50.0
128.362;128.453;127.309;127.372;231563.0;56.83985639139829;50.0
127.372;127.809;127.326;127.76599999999999;189884.0;60.063727959990324;58.333333333333336
127.76599999999999;128.184;127.652;127.71499999999999;202584.0;59.44476155465045;58.333333333333336
127.675;128.246;127.50399999999999;127.691;238744.0;59.13592270882586;58.333333333333336
127.691;128.054;127.64099999999999;127.86699999999999;224789.0;60.74650447361337;58.333333333333336
127.86699999999999;128.877;127.73899999999999;128.756;302998.0;67.67650371999648;66.66666666666667
128.756;129.976;128.721;129.172;778104.0;70.3172978046422;75.0
129.172;129.523;128.54;128.583;491694.0;62.52801459026644;66.66666666666667
128.542;128.939;128.219;128.621;283939.0;62.81421173658598;66.66666666666667
128.621;129.077;128.185;128.978;274637.0;65.48155620719716;66.66666666666667
128.978;129.457;128.739;129.09;285592.0;66.29830471762348;66.66666666666667
129.09;129.63899999999998;128.914;129.18;331625.0;66.9745359755205;66.66666666666667
129.18;129.577;128.846;129.071;390441.0;65.26647901317911;66.66666666666667
129.09799999999998;129.391;128.781;128.94;277221.0;63.18098703331568;58.333333333333336
128.94;129.546;128.915;129.087;281999.0;64.54987174515627;66.66666666666667
129.087;129.43;128.96099999999998;129.26399999999998;257646.0;66.18031219227368;75.0
129.26399999999998;130.05599999999998;129.191;130.035;252400.0;72.18206168708711;75.0
130.035;130.393;129.817;130.277;242360.0;73.75632916459678;75.0
130.202;130.487;129.988;130.134;214423.0;71.19247664244455;66.66666666666667
130.134;130.39499999999998;129.49;129.709;206437.0;64.06475853138515;66.66666666666667
129.709;130.444;129.661;130.364;244618.0;69.1852547460061;66.66666666666667
130.364;130.666;129.591;129.732;291138.0;60.262497635474176;58.333333333333336
129.732;129.998;129.316;129.577;244252.0;58.27738618343421;50.0
128.94299999999998;129.941;128.934;129.859;196189.0;60.80696795740825;50.0
129.859;129.91899999999998;128.599;128.65;219066.0;47.50828949979739;50.0
128.65;128.85999999999999;128.293;128.421;213571.0;45.47937614605584;50.0
128.421;128.94299999999998;128.385;128.429;237946.0;45.56683361255233;50.0
128.429;129.458;128.38899999999998;129.28;208606.0;54.016874648182025;50.0
129.371;129.429;128.832;129.138;205714.0;52.55092500360011;41.666666666666664
129.138;129.547;129.084;129.28;202735.0;53.89830825814613;41.666666666666664
129.28;130.04399999999998;129.202;129.813;258932.0;58.64523471603014;50.0
129.813;130.268;129.65099999999998;130.24099999999999;211746.0;62.02648760672471;58.333333333333336
130.24099999999999;130.31799999999998;130.03199999999998;130.124;127839.0;60.568592261085094;50.0
130.124;130.265;129.835;130.121;153431.0;60.52930652135047;50.0
130.121;130.56199999999998;129.81199999999998;130.28199999999998;226880.0;61.955468963006886;58.333333333333336
130.28199999999998;130.685;130.13899999999998;130.367;240205.0;62.7212995977465;58.333333333333336
130.367;130.478;129.571;130.135;235789.0;59.21746151226263;58.333333333333336
130.135;130.549;130.04999999999998;130.457;203196.0;62.36033767656861;66.66666666666667
130.457;130.60999999999999;129.89499999999998;130.257;164515.0;59.303367665714845;58.333333333333336
130.256;130.49699999999999;129.797;130.296;239519.0;59.718047132842706;58.333333333333336
130.296;130.583;130.03199999999998;130.452;200940.0;61.411811997310885;66.66666666666667
130.452;130.54999999999998;130.022;130.113;198571.0;55.91015994252702;58.333333333333336
130.113;130.541;129.975;130.291;185203.0;58.03596500415076;58.333333333333336
130.202;130.326;129.69799999999998;130.16199999999998;247227.0;55.93124750997412;50.0
130.16199999999998;130.97199999999998;129.98999999999998;130.078;231345.0;54.544112479898885;50.0
130.078;130.142;129.635;130.03699999999998;174901.0;53.842210657251115;50.0
130.03699999999998;130.46599999999998;129.66899999999998;129.69799999999998;211443.0;48.30694363440399;41.666666666666664
129.69799999999998;130.563;129.589;130.477;222340.0;58.79101664289176;41.666666666666664
130.47899999999998;130.762;130.207;130.606;230771.0;60.229471139206495;50.0
130.606;131.498;130.57;131.411;196814.0;67.78624509107773;50.0
131.411;131.81799999999998;131.357;131.654;243285.0;69.66029639280787;58.333333333333336
131.654;132.36599999999999;131.594;132.018;213270.0;72.26329966022779;58.333333333333336
132.018;132.19;131.37699999999998;131.378;229079.0;62.16451317627127;50.0
131.483;132.16299999999998;131.428;131.558;201143.0;63.70098111769093;58.333333333333336
131.558;131.63899999999998;131.14499999999998;131.267;241144.0;59.494615615703275;50.0
131.267;131.459;130.98;131.029;189874.0;56.22455670211064;50.0
131.029;131.84799999999998;131.024;131.593;215223.0;61.609580230341194;58.333333333333336
131.593;132.17399999999998;131.47799999999998;132.023;270096.0;65.13138873731799;66.66666666666667
132.023;132.529;131.90599999999998;131.959;250028.0;64.18756696154257;66.66666666666667
131.959;132.47199999999998;131.785;131.91899999999998;271047.0;63.567555290117916;58.333333333333336
131.91899999999998;132.451;131.643;132.307;336705.0;66.90677126699241;58.333333333333336
132.307;132.73399999999998;132.033;132.19299999999998;369300.0;65.02109015498156;50.0
132.19299999999998;132.845;132.15599999999998;132.785;219319.0;69.78366206463862;50.0
132.66;132.952;132.515;132.655;200408.0;67.60679478465292;41.666666666666664
132.655;133.19;132.655;133.06799999999998;204871.0;70.73059643957752;50.0
133.06799999999998;133.438;132.637;132.914;292584.0;68.09370736464292;41.666666666666664
132.914;133.09;132.706;132.98;217119.0;68.6334163615179;50.0
132.98;133.209;132.53199999999998;132.664;217480.0;63.12749854496486;50.0
132.59;133.04399999999998;132.521;132.809;190482.0;64.5334759372162;50.0
132.809;133.613;132.731;133.21699999999998;234659.0;68.20700910868386;50.0
133.21699999999998;133.414;132.99599999999998;133.05599999999998;222711.0;65.33135021745665;50.0
133.05599999999998;134.05599999999998;132.93099999999998;133.858;222675.0;71.72614443669595;58.333333333333336
133.858;134.01;133.608;133.881;207673.0;71.88630138382696;58.333333333333336
133.92999999999998;134.023;133.661;133.91299999999998;152792.0;72.12290160181428;66.66666666666667
133.91299999999998;134.124;133.667;133.68699999999998;169946.0;67.78411556678664;58.333333333333336
133.68699999999998;134.072;133.641;133.749;141638.0;68.34669269378549;66.66666666666667
133.749;133.917;133.624;133.72299999999998;157085.0;67.81190146426552;58.333333333333336
133.72299999999998;133.816;133.13899999999998;133.201;170842.0;57.999547308709644;58.333333333333336
133.277;133.386;132.886;133.147;135944.0;57.07940568870969;50.0
133.147;133.423;133.134;133.265;138150.0;58.624127117184386;58.333333333333336
133.265;133.625;133.203;133.488;116402.0;61.44796215729065;58.333333333333336
133.488;133.761;133.042;133.052;188946.0;53.727316618191736;50.0
133.052;133.411;132.66299999999998;132.774;144686.0;49.46010524690566;50.0
132.706;133.439;132.649;133.382;131259.0;57.4244915224731;50.0
133.382;133.682;133.273;133.42;132065.0;57.87134004668858;50.0
133.42;133.58599999999998;132.684;132.765;217110.0;48.43502559237709;41.666666666666664
132.765;132.875;131.023;131.176;246833.0;33.96573676027032;41.666666666666664
131.176;131.43099999999998;130.612;130.719;230012.0;31.089174191503634;33.333333333333336
130.719;131.499;130.04;131.34699999999998;227304.0;38.76398743044939;41.666666666666664
131.34699999999998;132.196;131.219;132.084;178984.0;46.31988903911916;50.0
132.084;132.695;132.036;132.29999999999998;188121.0;48.33208946259883;58.333333333333336
132.29999999999998;132.578;132.11499999999998;132.25199999999998;167559.0;47.90236806044855;50.0
132.25199999999998;132.45399999999998;132.12099999999998;132.215;148821.0;47.5514061804132;41.666666666666664
132.166;132.34699999999998;131.778;131.87199999999999;159319.0;44.310359282798814;41.666666666666664
131.87199999999999;131.963;131.278;131.40099999999998;158815.0;40.25310007625955;41.666666666666664
131.40099999999998;131.78199999999998;131.279;131.713;197167.0;43.91647331600124;41.666666666666664
131.713;132.43099999999998;131.56099999999998;132.136;180641.0;48.52471267358717;41.666666666666664
132.136;132.231;131.66;131.66;192001.0;44.13041941186731;41.666666666666664
131.59799999999998;131.867;131.545;131.606;158128.0;43.64751950380302;41.666666666666664
131.606;131.862;130.617;130.78699999999998;204328.0;37.029322906712665;41.666666666666664
130.78699999999998;131.03699999999998;130.403;130.433;206632.0;34.588082098748146;33.333333333333336
130.433;130.528;129.62099999999998;129.929;270910.0;31.412792415661368;25.0
129.929;130.876;129.87099999999998;130.72799999999998;196490.0;40.70605379994592;25.0
130.72799999999998;130.98999999999998;130.452;130.852;160831.0;42.01906915020643;33.333333333333336
130.852;131.088;130.212;130.257;204110.0;37.70454310667745;33.333333333333336
130.257;130.43099999999998;130.01999999999998;130.12699999999998;193200.0;36.81508890473195;33.333333333333336
130.12699999999998;130.202;129.613;129.709;202784.0;34.0349136437758;33.333333333333336
129.709;130.283;129.63799999999998;129.899;184778.0;36.38648267814836;33.333333333333336
129.91199999999998;129.97199999999998;128.89;128.99699999999999;241141.0;30.777167254022757;25.0
128.99699999999999;129.48499999999999;128.59199999999998;129.363;219427.0;35.14600344449634;33.333333333333336
129.363;130.189;129.15699999999998;130.045;181372.0;42.43641729569634;41.666666666666664
130.045;130.297;129.486;129.617;205665.0;39.44003765929537;41.666666666666664
129.617;130.182;129.521;130.075;152846.0;43.99700359539638;50.0
130.016;130.35;129.67499999999998;130.255;176676.0;45.725535667431856;58.333333333333336
130.255;130.303;129.545;129.7;200413.0;41.474875101330255;50.0
129.7;130.237;129.614;130.16;228205.0;45.95893166262811;50.0
130.16;130.56199999999998;129.89499999999998;130.105;175063.0;45.509954065588595;50.0
130.105;130.499;130.01899999999998;130.153;175803.0;46.00570761434626;58.333333333333336
130.153;130.423;129.602;129.706;156104.0;42.15899390696646;58.333333333333336
129.706;129.867;129.164;129.34;164993.0;39.26410378293539;50.0
129.34;129.819;129.13299999999998;129.572;178000.0;41.98357456086417;58.333333333333336
129.572;130.015;129.506;129.87199999999999;157349.0;45.388746533726824;58.333333333333336
129.87199999999999;129.963;129.581;129.619;162382.0;43.09172075231211;50.0
129.714;129.724;129.33599999999998;129.358;131878.0;40.79789659216787;50.0
129.358;129.68599999999998;129.35299999999998;129.54299999999998;131845.0;43.109544064739396;50.0
129.54299999999998;129.80499999999998;129.498;129.625;136346.0;44.150495808028964;50.0
129.625;129.708;129.39;129.416;108189.0;42.03913678105946;50.0
129.416;129.697;129.23399999999998;129.271;107382.0;40.58889590559855;41.666666666666664
129.271;129.433;128.5;128.623;120984.0;34.80957557286377;41.666666666666664
128.623;128.874;128.24699999999999;128.283;142223.0;32.21748728671508;33.333333333333336
128.283;128.94799999999998;128.221;128.511;137443.0;35.676569414919726;41.666666666666664
128.511;128.707;127.932;128.048;183665.0;32.09471774295799;41.666666666666664
128.048;128.52499999999998;127.947;128.426;133295.0;37.60262154377794;41.666666666666664
128.426;129.14499999999998;128.28099999999998;128.832;132851.0;42.95468988316684;41.666666666666664
128.832;129.033;128.594;128.875;113915.0;43.507370459713584;50.0
128.875;129.534;128.768;129.495;121903.0;50.89474538634158;58.333333333333336
129.495;129.766;129.225;129.333;138324.0;49.088462412241846;50.0
129.333;129.749;129.15699999999998;129.528;155093.0;51.32769416438869;50.0
129.56199999999998;129.70999999999998;129.487;129.646;87520.0;52.68389466270153;58.333333333333336
129.646;130.17499999999998;129.58599999999998;129.897;154972.0;55.522830130818974;66.66666666666667
129.897;130.45399999999998;129.868;130.22299999999998;141148.0;58.96644253179719;75.0
130.22299999999998;130.59;130.161;130.52499999999998;104841.0;61.90867651324294;83.33333333333333
130.52499999999998;130.742;130.18699999999998;130.289;161762.0;58.38551238160404;75.0
130.289;130.50199999999998;130.221;130.32999999999998;83618.0;58.82392479426018;83.33333333333333
130.32999999999998;130.65699999999998;130.29399999999998;130.54999999999998;137560.0;61.18680237168846;83.33333333333333
130.54999999999998;130.696;130.17499999999998;130.244;143636.0;56.34368546370895;75.0
130.244;130.321;129.666;129.68699999999998;169158.0;48.775566210671656;66.66666666666667
129.68699999999998;130.27599999999998;129.68699999999998;129.78199999999998;149013.0;50.0089218183857;66.66666666666667
129.795;129.945;129.59099999999998;129.838;141021.0;50.761522943098775;75.0
129.838;130.196;129.36599999999999;129.44199999999998;180410.0;45.540431030798686;66.66666666666667
129.44199999999998;129.536;129.06099999999998;129.213;157285.0;42.79895270301068;58.333333333333336
129.213;129.357;128.607;129.066;160687.0;41.08901629282281;50.0
129.066;129.673;128.879;128.879;160626.0;38.95676373203898;41.666666666666664
128.89399999999998;129.029;128.141;128.261;143488.0;32.883495894176704;33.333333333333336
128.261;128.70399999999998;127.997;128.03099999999998;181240.0;30.9496605333604;33.333333333333336
128.03099999999998;128.77599999999998;127.93;128.29299999999998;234497.0;35.5960155539713;33.333333333333336
128.29299999999998;129.545;128.278;129.498;183470.0;51.695295190167265;33.333333333333336
129.498;129.844;129.384;129.786;147661.0;54.61536149087916;41.666666666666664
129.743;129.93699999999998;129.482;129.797;181484.0;54.72793041337651;50.0
129.797;130.381;129.666;130.238;201323.0;59.10706687165567;50.0
130.238;130.474;129.676;129.81199999999998;204887.0;53.70309433597902;41.666666666666664
129.81199999999998;129.95999999999998;128.773;128.796;208566.0;43.49048407270671;41.666666666666664
128.796;129.047;128.548;128.745;217714.0;43.04794560259048;41.666666666666664
128.518;129.379;128.518;128.861;186082.0;44.43293591678642;50.0
128.861;129.386;128.75799999999998;129.251;177024.0;48.92967095814906;58.333333333333336
129.251;129.499;128.332;128.702;213388.0;43.58293495379791;58.333333333333336
128.702;129.03;128.632;128.911;152038.0;46.00202771945922;66.66666666666667
128.911;129.909;128.863;129.87;176734.0;55.44296874507751;66.66666666666667
129.739;131.226;129.709;130.876;146884.0;62.792114773152385;66.66666666666667
130.876;131.274;130.745;130.98399999999998;181644.0;63.48836031135411;66.66666666666667
130.98399999999998;131.46599999999998;130.881;131.244;189189.0;65.17770809298747;66.66666666666667
131.244;131.85999999999999;131.21599999999998;131.804;148491.0;68.552683993935;66.66666666666667
131.804;132.77499999999998;131.78;132.456;187368.0;71.96016210675066;75.0
132.42499999999998;132.78699999999998;132.148;132.70399999999998;201953.0;73.15182398142205;83.33333333333333
132.70399999999998;133.191;132.62199999999999;133.024;176693.0;74.64894388427335;91.66666666666667
133.024;133.481;132.737;133.131;178132.0;75.14796873292676;91.66666666666667
133.131;133.37199999999999;132.262;132.459;186213.0;66.31856431225563;83.33333333333333
132.459;132.79299999999998;131.91799999999998;132.12699999999998;177004.0;62.41673129849303;83.33333333333333
132.16199999999998;132.602;131.863;131.98399999999998;159902.0;60.75858126272948;75.0
131.98399999999998;132.667;131.938;132.319;137390.0;63.22341513580557;75.0
132.319;132.52499999999998;131.57899999999998;132.048;193233.0;59.943273646335044;66.66666666666667
132.048;132.702;131.55599999999998;132.63799999999998;224528.0;64.28740937278882;66.66666666666667
132.63799999999998;132.91899999999998;131.60399999999998;131.772;212576.0;54.879582907633576;58.333333333333336
131.822;132.444;131.78099999999998;132.28199999999998;170755.0;58.71160772067917;58.333333333333336
132.28199999999998;132.393;131.476;131.946;172526.0;55.37487260616776;50.0
131.946;132.41199999999998;131.751;132.355;181612.0;58.46900444398952;50.0
132.355;132.563;131.016;131.417;187577.0;49.92029254417383;41.666666666666664
131.417;131.589;130.83599999999998;131.155;202441.0;47.81727478848439;33.333333333333336
130.974;131.43099999999998;130.897;131.16299999999998;166054.0;47.889462744900904;41.666666666666664
131.16299999999998;131.267;130.679;130.81699999999998;191647.0;44.990581697849976;41.666666666666664
130.81699999999998;131.41799999999998;130.643;130.725;223699.0;44.22402356675566;41.666666666666664
130.725;130.99599999999998;130.44;130.589;154461.0;43.056153625314806;33.333333333333336
130.589;130.76299999999998;130.23;130.28099999999998;160856.0;40.45083857260695;33.333333333333336
130.41299999999998;130.6;129.683;129.714;161932.0;36.118060314585605;25.0
129.714;130.113;129.629;129.974;194775.0;39.32733561443784;33.333333333333336
129.974;130.083;129.018;129.12;206406.0;33.39321558514703;25.0
129.12;129.946;129.048;129.90099999999998;183688.0;42.01082107241285;33.333333333333336
129.90099999999998;129.987;127.977;128.577;255836.0;33.98369068551382;25.0
128.59199999999998;129.325;128.536;129.05599999999998;217622.0;38.557717441275095;33.333333333333336
129.05599999999998;129.59799999999998;128.896;129.48999999999998;226540.0;42.44855073565819;41.666666666666664
129.48999999999998;129.559;128.688;129.25199999999998;229832.0;40.918292600967675;33.333333333333336
129.25199999999998;129.528;129.20499999999998;129.219;160128.0;40.699209203803946;33.333333333333336
129.219;129.289;127.79400000000001;128.251;368331.0;34.811332451042375;33.333333333333336
128.47199999999998;128.571;127.489;128.161;272059.0;34.314283106639564;33.333333333333336
128.161;128.60299999999998;127.64200000000001;128.283;364763.0;35.655479666525444;41.666666666666664
128.283;128.786;127.56700000000001;127.63600000000001;264353.0;31.931786890897012;41.666666666666664
127.63600000000001;128.224;127.498;127.878;247516.0;34.679630188493675;41.666666666666664
127.878;128.34;127.38300000000001;127.51700000000001;255396.0;32.56755540038906;41.666666666666664
127.54700000000001;128.087;127.513;128.036;198959.0;38.37807456802803;41.666666666666664
128.036;128.46599999999998;127.602;127.918;182187.0;37.58509674945834;41.666666666666664
127.918;129.106;127.82300000000001;128.84799999999998;214272.0;46.89780421866953;41.666666666666664
128.84799999999998;129.071;127.936;128.124;165960.0;41.6835451118653;33.333333333333336
128.124;128.403;127.81200000000001;128.261;179675.0;42.97556085603606;41.666666666666664
128.13299999999998;128.458;128.008;128.124;152732.0;41.97408020640433;41.666666666666664
128.124;128.559;127.947;128.021;165970.0;41.196785552150125;41.666666666666664
128.021;128.82399999999998;127.944;128.718;207416.0;48.18888601620744;50.0
128.718;129.637;128.451;128.708;229057.0;48.100515330064404;41.666666666666664
128.708;128.98499999999999;127.7;127.705;208488.0;40.14790283801893;41.666666666666664
127.629;128.31099999999998;127.515;128.088;210999.0;43.9581658646015;41.666666666666664
128.088;128.771;128.052;128.731;169203.0;49.74273859740182;50.0
128.731;129.5;128.505;129.19799999999998;160288.0;53.49704798608922;50.0
129.19799999999998;129.727;129.04899999999998;129.539;133705.0;56.077189594975394;58.333333333333336
129.539;129.753;129.295;129.37099999999998;208158.0;54.473616306999894;50.0
129.37099999999998;130.155;129.26399999999998;130.089;100023.0;59.768631652438046;58.333333333333336
130.089;130.22799999999998;129.607;129.821;106264.0;57.09913940122131;50.0
129.821;130.563;129.652;130.398;132776.0;61.124938875165405;58.333333333333336
130.398;130.589;130.12199999999999;130.26999999999998;129121.0;59.78466131131752;58.333333333333336
130.26999999999998;131.021;130.16299999999998;131.011;111073.0;64.62098116883419;58.333333333333336
131.011;131.011;130.024;130.238;144985.0;56.92955237720126;58.333333333333336
130.238;131.459;130.201;131.065;178616.0;62.123673011916324;66.66666666666667
131.065;131.601;130.837;131.337;177312.0;63.675284361652245;66.66666666666667
131.337;131.43099999999998;130.64;130.834;204579.0;58.87231344260668;58.333333333333336
130.834;131.349;130.75799999999998;131.19299999999998;173883.0;61.126078122029426;58.333333333333336
131.19299999999998;131.36599999999999;130.159;130.45499999999998;185411.0;54.512764876586544;50.0
130.45499999999998;131.19899999999998;130.381;131.071;183570.0;58.54443029347467;58.333333333333336
131.071;131.474;130.947;131.142;188396.0;58.99554635832763;58.333333333333336
131.142;131.441;130.619;130.773;187884.0;55.608660651616944;58.333333333333336
130.773;130.858;129.778;130.33499999999998;218730.0;51.80676481364226;50.0
130.23;130.827;130.23;130.70999999999998;118885.0;54.664599334497254;58.333333333333336
130.70999999999998;131.178;129.69799999999998;129.78;231113.0;47.190751458013224;50.0
129.78;129.987;129.38799999999998;129.66;193352.0;46.31091008277492;50.0
129.66;130.087;129.01299999999998;129.035;192163.0;41.92642336991788;41.666666666666664
129.035;129.309;128.559;128.934;230141.0;41.24682549566077;33.333333333333336
128.881;129.158;128.40599999999998;129.041;246782.0;42.31362916550873;41.666666666666664
129.041;129.19799999999998;128.24599999999998;128.665;223434.0;39.59305290092216;33.333333333333336
128.665;129.245;128.596;128.84099999999998;230759.0;41.48942899469975;41.666666666666664
128.84099999999998;129.016;128.326;128.539;269719.0;39.21452287923426;33.333333333333336
128.539;128.85299999999998;128.35299999999998;128.415;229194.0;38.286265411804855;25.0
128.44899999999998;129.376;128.422;129.316;220785.0;47.93096742751019;33.333333333333336
129.316;129.535;128.87;129.23999999999998;212820.0;47.260041509384955;33.333333333333336
129.23999999999998;129.47199999999998;129.041;129.34699999999998;180929.0;48.35609640175776;33.333333333333336
129.34699999999998;131.53799999999998;129.18699999999998;131.477;268355.0;64.27327875777108;41.666666666666664
131.477;132.09;131.38799999999998;131.837;255084.0;66.17104738336411;50.0
132.111;132.164;131.257;131.678;221414.0;64.54039632760318;50.0
131.678;132.034;131.476;131.863;186101.0;65.60252914065224;58.333333333333336
131.863;132.158;131.63;131.938;170841.0;66.04654970071857;58.333333333333336
131.938;133.15099999999998;131.86599999999999;132.53099999999998;274136.0;69.40894756162592;66.66666666666667
132.53099999999998;132.613;130.387;130.957;294522.0;54.09582787170267;58.333333333333336
130.689;131.38799999999998;130.046;130.613;311243.0;51.425496785976634;58.333333333333336
130.613;131.53799999999998;130.434;131.286;243799.0;56.00144459612372;66.66666666666667
131.286;131.90699999999998;131.10899999999998;131.31699999999998;254337.0;56.206097379795075;66.66666666666667
131.31699999999998;131.501;130.39999999999998;130.58599999999998;368442.0;50.26844147916233;66.66666666666667
130.58599999999998;131.12099999999998;130.207;130.209;267791.0;47.48248886121132;58.333333333333336
130.153;130.905;129.72299999999998;129.738;203953.0;44.18758454178766;50.0
129.738;130.766;129.35399999999998;130.28099999999998;366713.0;48.61461540618268;50.0
130.28099999999998;130.709;129.944;129.98499999999999;208943.0;46.451603040234076;50.0
129.98499999999999;130.024;127.91600000000001;129.272;667239.0;41.64500734541942;41.666666666666664
129.272;130.291;128.718;130.13899999999998;409010.0;48.60871619345781;41.666666666666664
130.13899999999998;130.13899999999998;128.67999999999998;128.956;439074.0;41.35669958554568;33.333333333333336
128.956;129.24099999999999;127.37100000000001;127.75;270764.0;35.53616996281522;33.333333333333336
127.75;128.773;127.296;128.38899999999998;309052.0;40.3282456693048;41.666666666666664
128.38899999999998;128.50799999999998;127.584;127.751;214212.0;37.34337425630859;33.333333333333336
127.751;127.819;125.07100000000001;125.44500000000001;314883.0;28.99110669285707;25.0
125.501;125.955;124.391;125.11800000000001;504407.0;28.03359780776986;25.0
125.11800000000001;126.732;125.051;125.959;463098.0;34.06511026543393;33.333333333333336
125.959;128.46699999999998;125.959;128.262;339114.0;47.131993199787054;41.666666666666664
128.262;128.876;127.41600000000001;127.58500000000001;382614.0;44.34955578625463;33.333333333333336
127.58500000000001;129.042;127.515;127.947;366164.0;46.17919057012406;41.666666666666664
128.088;129.71099999999998;127.96600000000001;129.271;298651.0;52.34975647738266;50.0
129.271;130.03;129.2;129.584;327784.0;53.70116262920505;50.0
129.584;131.094;129.503;131.01299999999998;397047.0;59.36709303127983;58.333333333333336
131.01299999999998;131.908;130.719;131.522;308711.0;61.1890000917583;66.66666666666667
131.522;131.92;131.183;131.66199999999998;252310.0;61.69770746300513;66.66666666666667
131.66199999999998;131.971;131.38;131.596;213372.0;61.28985566551615;66.66666666666667
131.596;133.337;131.57999999999998;133.155;309865.0;66.86226528820775;75.0
133.155;133.89499999999998;132.326;133.28099999999998;286833.0;67.27232071777269;83.33333333333333
133.28099999999998;134.611;132.94899999999998;134.52499999999998;284433.0;71.07761595203654;83.33333333333333
134.52499999999998;134.742;133.721;134.02599999999998;334471.0;67.678330525805;75.0
134.052;137.54399999999998;133.971;136.052;503188.0;73.26825210538718;83.33333333333333
136.052;137.309;135.308;136.201;507898.0;73.62946429157375;83.33333333333333
136.201;136.671;134.874;135.90099999999998;463383.0;71.5335923569518;75.0
135.90099999999998;136.84199999999998;134.51399999999998;134.61499999999998;431978.0;63.225357030884325;66.66666666666667
134.61499999999998;135.88;134.54299999999998;135.29299999999998;346023.0;65.50038338160371;66.66666666666667
135.278;135.67999999999998;134.569;134.688;239722.0;61.824921651770154;58.333333333333336
134.688;135.124;134.29399999999998;134.76899999999998;255450.0;62.13130330075931;58.333333333333336
134.76899999999998;135.471;134.69199999999998;134.84099999999998;312105.0;62.420019745201245;66.66666666666667
134.84099999999998;135.503;134.417;134.81;283698.0;62.200134359470745;58.333333333333336
134.81;135.368;134.35299999999998;135.161;261785.0;63.756916049590096;58.333333333333336
135.441;137.129;135.273;136.422;286843.0;68.7382276421616;58.333333333333336
136.422;136.643;135.54;135.708;354803.0;63.42287257686031;58.333333333333336
135.708;136.874;135.67999999999998;136.797;287545.0;67.54507161099137;58.333333333333336
136.797;136.935;135.51299999999998;136.28199999999998;343150.0;63.878676189356774;50.0
136.28199999999998;136.909;136.219;136.518;444541.0;64.82103892077288;58.333333333333336
136.518;137.02599999999998;136.453;136.897;197343.0;66.3397784756441;66.66666666666667
136.897;139.094;136.834;139.01999999999998;332299.0;73.29471256819409;66.66666666666667
139.01999999999998;139.694;138.393;138.733;427053.0;71.1543177361553;66.66666666666667
138.733;140.004;138.688;139.03199999999998;369137.0;72.06943131761354;66.66666666666667
139.03199999999998;139.488;138.254;138.738;381320.0;69.72705674766586;58.333333333333336
138.738;139.203;136.482;137.231;576354.0;59.120095513518756;58.333333333333336
137.231;137.53699999999998;135.295;135.315;483904.0;48.92896015308134;50.0
135.315;136.15699999999998;134.77499999999998;135.594;538043.0;50.27318364303411;50.0
135.594;137.999;135.428;137.24599999999998;651491.0;57.419722935891585;58.333333333333336
137.24599999999998;137.98399999999998;136.493;136.882;548948.0;55.52616400369073;50.0
136.882;137.63799999999998;136.516;136.756;446101.0;54.8518489584998;50.0
136.756;137.373;136.539;136.902;398718.0;55.52581829558373;50.0
136.902;137.427;136.595;137.066;447098.0;56.31469872077026;50.0
137.066;137.57299999999998;136.822;137.179;542212.0;56.882215788601364;50.0
137.179;138.155;136.737;137.648;590519.0;59.24849674432734;58.333333333333336
137.648;138.319;137.063;137.54;486044.0;58.45297493721428;50.0
137.54;138.082;137.028;137.301;528854.0;56.64054589563253;50.0
137.301;137.706;136.18099999999998;136.606;575052.0;51.627443238029144;50.0
136.606;136.74599999999998;132.65699999999998;133.146;729429.0;35.013034331318316;50.0
133.146;134.75199999999998;133.09799999999998;134.468;465989.0;42.61216879155857;50.0
134.43699999999998;135.04899999999998;133.744;134.68699999999998;375417.0;43.78487280146209;50.0
134.68699999999998;136.696;134.49099999999999;136.43699999999998;414191.0;52.1920028421279;58.333333333333336
136.43699999999998;136.66899999999998;134.07299999999998;134.12099999999998;379517.0;43.0219846347442;58.333333333333336
134.12099999999998;135.458;133.92399999999998;135.23399999999998;574324.0;47.77115700808946;58.333333333333336
135.23399999999998;135.795;134.57999999999998;134.934;457347.0;46.642649124711404;50.0
135.10299999999998;136.79899999999998;134.659;136.702;416711.0;53.599423286996064;50.0
136.702;136.78799999999998;135.54899999999998;136.089;512978.0;51.11118213315445;41.666666666666664
136.089;136.23499999999999;134.987;135.87699999999998;437372.0;50.24249454623063;41.666666666666664
135.87699999999998;136.637;135.231;136.277;397661.0;51.90349600400994;50.0
136.277;136.725;135.843;136.426;350348.0;52.53905916728047;58.333333333333336
136.34;137.666;136.262;137.403;260908.0;56.58976174376469;66.66666666666667
137.403;138.23399999999998;136.79999999999998;138.06199999999998;467174.0;59.12394777494996;66.66666666666667
138.06199999999998;138.97299999999998;138.022;138.489;409590.0;60.723881626349325;66.66666666666667
138.489;139.60899999999998;138.391;139.49099999999999;328565.0;64.25915074491793;66.66666666666667
139.49099999999999;140.37099999999998;139.397;140.21099999999998;318821.0;66.58651896921239;75.0
140.21099999999998;141.124;139.838;141.039;334694.0;69.08008592906961;75.0
141.039;142.059;140.992;141.891;445510.0;71.44178376098716;83.33333333333333
141.891;144.251;141.826;143.821;461496.0;75.92730714327197;83.33333333333333
143.821;144.188;142.339;142.58499999999998;559569.0;68.50636853337811;83.33333333333333
142.58499999999998;142.789;140.802;141.35999999999999;513946.0;62.03494877185406;83.33333333333333
141.218;141.774;139.387;139.85899999999998;645800.0;55.159258138797085;75.0
139.85899999999998;141.128;139.47799999999998;141.09099999999998;623900.0;59.16033395440772;75.0
141.09099999999998;141.489;139.524;139.759;788573.0;53.59250077141747;66.66666666666667
139.759;140.602;137.83599999999998;139.381;1606388.0;52.09413887636733;58.333333333333336
139.381;141.97;139.357;141.595;852200.0;59.2759525277321;58.333333333333336
141.339;142.355;141.285;141.93699999999998;445530.0;60.26685652285957;58.333333333333336
141.93699999999998;143.999;141.822;143.95999999999998;502715.0;65.59904618567504;58.333333333333336
143.95999999999998;144.24599999999998;142.667;143.902;615269.0;65.32835682150768;50.0
143.902;143.989;141.398;141.94;700885.0;56.791248765486;41.666666666666664
141.94;142.767;141.396;142.607;531235.0;58.76410736038959;41.666666666666664
142.607;143.481;142.029;143.338;540539.0;60.872643167513594;50.0
143.338;144.277;142.864;143.18599999999998;556435.0;60.183524378280616;50.0
143.18599999999998;143.858;142.482;142.58599999999998;615415.0;57.42021754512572;50.0
142.58599999999998;142.861;141.37199999999999;142.238;629839.0;55.81937312667346;41.666666666666664
142.238;142.43099999999998;139.792;141.04;704746.0;50.590419059216536;41.666666666666664
141.04;141.66299999999998;140.60899999999998;141.39999999999998;391342.0;52.04420782181621;50.0
141.39999999999998;142.37199999999999;138.945;139.44199999999998;666275.0;44.393458274871115;41.666666666666664
139.44199999999998;139.5;137.266;138.357;735889.0;40.81305139473259;33.333333333333336
138.357;139.06799999999998;137.98399999999998;138.087;588908.0;39.94958705027669;25.0
138.087;138.71099999999998;136.858;138.528;674663.0;42.10411698918925;33.333333333333336
138.528;139.16899999999998;137.882;137.94;548381.0;40.041266462371844;33.333333333333336
137.94;138.075;137.018;137.339;625434.0;37.992363735720474;25.0
137.339;138.797;137.123;138.125;708382.0;42.160758856340244;25.0
138.125;139.767;137.98999999999998;139.189;800105.0;47.3231105684943;33.333333333333336
139.189;139.88899999999998;138.744;139.642;546983.0;49.39405204139303;41.666666666666664
139.642;140.797;139.37699999999998;140.072;525588.0;51.34925625410112;50.0
140.072;141.447;139.69;141.285;552511.0;56.45970414311878;58.333333333333336
141.285;141.933;140.42399999999998;140.601;519127.0;53.07412985940775;50.0
140.601;142.325;140.13299999999998;140.463;705113.0;52.39153573423453;50.0
140.463;140.691;138.784;138.94299999999998;623901.0;45.4568305877773;50.0
139.053;140.077;138.718;139.612;495048.0;48.67677254802956;58.333333333333336
139.612;139.83599999999998;138.13;138.45399999999998;432528.0;43.85112561358471;50.0
138.45399999999998;139.507;138.428;139.236;498943.0;47.62705319386867;58.333333333333336
139.236;139.344;136.373;136.86599999999999;629131.0;39.05498927070241;58.333333333333336
136.86599999999999;137.331;135.545;136.213;638566.0;37.0750020298645;50.0
136.213;136.34699999999998;134.998;135.03099999999998;552844.0;33.740532313648124;41.666666666666664
135.03099999999998;135.403;133.392;135.37199999999999;667228.0;35.541667240471064;41.666666666666664
135.37199999999999;136.42;134.828;136.052;645093.0;39.096968703828885;41.666666666666664
136.052;136.92;135.63899999999998;136.101;518613.0;39.35653792911393;41.666666666666664
136.101;137.756;135.79999999999998;137.399;528824.0;45.93053707542681;50.0
137.319;137.92399999999998;137.064;137.596;455657.0;46.87187671839361;58.333333333333336
137.596;138.314;137.261;137.981;352860.0;48.74976328531924;66.66666666666667
137.981;138.39499999999998;136.612;136.861;546416.0;43.88962398609188;58.333333333333336
136.861;137.39399999999998;136.298;137.23;501175.0;45.806595534573454;66.66666666666667
137.23;137.719;136.78199999999998;136.89;442725.0;44.30463378226643;58.333333333333336
136.89;137.063;135.27599999999998;135.42;404753.0;38.43652593758062;58.333333333333336
135.42;136.91799999999998;134.944;136.503;416016.0;44.290783083353695;66.66666666666667
136.503;137.87699999999998;136.26;137.453;448986.0;48.88272320927477;75.0
137.453;137.659;136.557;137.045;424791.0;47.08758925907717;66.66666666666667
137.045;137.964;136.93599999999998;137.398;385014.0;48.83818799956772;66.66666666666667
137.398;137.944;136.398;136.685;420765.0;45.55944768176452;58.333333333333336
136.685;137.063;135.72;136.304;493117.0;43.86478369602807;50.0
136.304;136.784;135.51299999999998;136.626;464323.0;45.70299979549253;50.0
136.626;136.981;136.01399999999998;136.12699999999998;439509.0;43.33475357152104;41.666666666666664
136.12699999999998;137.964;136.089;136.98999999999998;498296.0;48.322229883274936;50.0
137.154;138.974;136.916;138.63799999999998;464520.0;56.24261840182594;50.0
138.63799999999998;139.21599999999998;138.26299999999998;138.956;500034.0;57.59323613568676;58.333333333333336
138.956;139.72799999999998;138.266;139.676;524491.0;60.561430494482245;66.66666666666667
139.676;139.99599999999998;138.923;139.41899999999998;528262.0;58.974681905561596;58.333333333333336
139.41899999999998;140.749;139.257;139.492;520788.0;59.30087256024426;58.333333333333336
139.081;139.64399999999998;138.688;139.503;396658.0;59.353316966935616;66.66666666666667
139.503;141.75799999999998;139.469;141.39999999999998;659681.0;67.20234967113272;66.66666666666667
141.39999999999998;144.012;141.33499999999998;143.82299999999998;630478.0;74.08571756954078;75.0
143.82299999999998;144.32899999999998;143.177;144.054;724955.0;74.63233317337148;83.33333333333333
144.054;144.724;142.63799999999998;143.184;597874.0;68.75052555094624;75.0
143.60899999999998;145.634;143.379;144.56099999999998;580863.0;72.45123735407803;83.33333333333333
144.56099999999998;145.416;144.015;144.06699999999998;577585.0;69.28140058875321;75.0
144.06699999999998;144.47199999999998;142.297;142.86599999999999;711656.0;62.16092059052369;66.66666666666667
142.86599999999999;143.685;142.558;143.453;487029.0;64.10284541916293;66.66666666666667
143.453;143.53199999999998;142.50799999999998;143.06699999999998;528445.0;61.85482964384677;58.333333333333336
143.06699999999998;143.613;142.79999999999998;143.534;382955.0;63.52158649247869;66.66666666666667
143.534;144.04;143.015;143.273;527441.0;61.89383394002078;58.333333333333336
143.273;143.593;141.641;141.76299999999998;770716.0;53.37253159185154;50.0
141.76299999999998;143.7;138.703;139.989;1118593.0;45.45481681311573;41.666666666666664
139.989;140.257;138.66799999999998;138.855;662335.0;41.24293887190086;33.333333333333336
138.861;139.522;137.363;139.06;875419.0;42.28409736719853;33.333333333333336
139.06;139.546;138.61499999999998;138.915;654486.0;41.72096568929063;33.333333333333336
138.915;140.397;138.057;140.28199999999998;805811.0;48.66246242374954;33.333333333333336
140.28199999999998;141.755;139.40099999999998;141.73399999999998;727063.0;54.81828724187714;41.666666666666664
141.73399999999998;142.29299999999998;140.757;141.83499999999998;708957.0;55.2205129029625;50.0
141.368;142.462;141.368;142.01399999999998;614274.0;55.96865717434725;50.0
142.01399999999998;144.077;141.95499999999998;143.91199999999998;648480.0;63.0231256623926;58.333333333333336
143.91199999999998;144.08599999999998;142.441;142.986;606022.0;58.12983597727298;50.0
142.986;143.456;141.952;142.108;579681.0;53.85977810580367;50.0
142.108;142.21699999999998;141.17999999999998;141.596;535714.0;51.484725708688615;50.0
141.505;141.816;140.896;141.367;462817.0;50.41392330723457;50.0
141.367;142.19899999999998;140.975;141.535;565007.0;51.21554756477743;58.333333333333336
141.535;142.631;141.358;142.52599999999998;572213.0;55.75899153888954;58.333333333333336
142.52599999999998;144.093;141.719;143.81199999999998;1286674.0;60.85398154319947;66.66666666666667
143.81199999999998;144.846;143.474;144.584;629025.0;63.566543745627804;66.66666666666667
144.504;146.717;144.294;146.604;474509.0;69.5183562885874;66.66666666666667
146.604;147.198;145.816;147.115;499013.0;70.81712311978775;66.66666666666667
147.115;147.252;146.072;146.409;449539.0;66.59525578736684;58.333333333333336
146.409;147.299;146.235;146.888;509992.0;67.98960892329251;58.333333333333336
